"","team","shared_title","sole_title","avg_wins","avg_losses"
"1","Brown",0.999999999999923,0,0,0
"2","Columbia",0.999999999999923,0,0,0
"3","Cornell",0.999999999999923,0,0,0
"4","Dartmouth",0.999999999999923,0,0,0
"5","Harvard",0.999999999999923,0,0,0
"6","Penn",0.999999999999923,0,0,0
"7","Princeton",0.999999999999923,0,0,0
"8","Yale",0.999999999999923,0,0,0
