"","team","shared_title","sole_title","avg_wins","avg_losses"
"1","FGCU",0,0,4.43999999999979,6.44888888888897
"2","Jacksonville",0,0,1.89619999999989,8.99268888888869
"3","Kennesaw St.",0,0,3.69579999999974,7.19308888888887
"4","Liberty",0.986999999999924,0.953399999999928,11.9147999999996,-1.02591111111112
"5","Lipscomb",0.0026,6e-04,6.15119999999997,4.73768888888908
"6","NJIT",0,0,0,10.8888888888891
"7","North Ala.",0.007,0.0018,6.31839999999997,4.57048888888905
"8","North Florida",0.0283999999999999,0.0088,7.79519999999994,3.09368888888886
"9","Stetson",0.0108,0.0012,6.78839999999996,4.100488888889
