"","team","shared_title","sole_title","avg_wins","avg_losses"
"1","Denver",0,0,3.41439999999976,10.3633777777781
"2","North Dakota",4e-04,4e-04,5.55759999999991,8.22017777777801
"3","North Dakota St.",0.0758000000000001,0.0323999999999999,10.161,3.61677777777799
"4","Omaha",0.0028,6e-04,7.17859999999999,6.59917777777776
"5","Oral Roberts",0.165000000000003,0.0679999999999999,11.4431999999999,2.33457777777794
"6","Purdue Fort Wayne",0,0,0,13.7777777777787
"7","South Dakota",0.0114,0.0032,8.14239999999995,5.63537777777772
"8","South Dakota St.",0.887999999999935,0.764199999999948,13.9565999999998,-0.178822222222228
"9","Western Ill.",0,0,2.14619999999987,11.631577777778
